C:\Users\user\Documents\workspace\CNN_Raspberrypi-build-hat\DataCollected/IMG0\Image_1658500393951871.jpg,3
C:\Users\user\Documents\workspace\CNN_Raspberrypi-build-hat\DataCollected/IMG0\Image_1658500393984651.jpg,3
C:\Users\user\Documents\workspace\CNN_Raspberrypi-build-hat\DataCollected/IMG0\Image_1658500394015938.jpg,3
C:\Users\user\Documents\workspace\CNN_Raspberrypi-build-hat\DataCollected/IMG0\Image_1658500394048595.jpg,3
C:\Users\user\Documents\workspace\CNN_Raspberrypi-build-hat\DataCollected/IMG0\Image_165850039409649.jpg,3
C:\Users\user\Documents\workspace\CNN_Raspberrypi-build-hat\DataCollected/IMG0\Image_1658500394129012.jpg,3
C:\Users\user\Documents\workspace\CNN_Raspberrypi-build-hat\DataCollected/IMG0\Image_1658500394161297.jpg,3
C:\Users\user\Documents\workspace\CNN_Raspberrypi-build-hat\DataCollected/IMG0\Image_1658500394191414.jpg,3
C:\Users\user\Documents\workspace\CNN_Raspberrypi-build-hat\DataCollected/IMG0\Image_165850039422443.jpg,3
C:\Users\user\Documents\workspace\CNN_Raspberrypi-build-hat\DataCollected/IMG0\Image_1658500394255741.jpg,3
C:\Users\user\Documents\workspace\CNN_Raspberrypi-build-hat\DataCollected/IMG0\Image_1658500394288133.jpg,3
C:\Users\user\Documents\workspace\CNN_Raspberrypi-build-hat\DataCollected/IMG0\Image_1658500394319991.jpg,3
C:\Users\user\Documents\workspace\CNN_Raspberrypi-build-hat\DataCollected/IMG0\Image_1658500394352956.jpg,3
C:\Users\user\Documents\workspace\CNN_Raspberrypi-build-hat\DataCollected/IMG0\Image_1658500394397669.jpg,3
C:\Users\user\Documents\workspace\CNN_Raspberrypi-build-hat\DataCollected/IMG0\Image_1658500394416608.jpg,3
C:\Users\user\Documents\workspace\CNN_Raspberrypi-build-hat\DataCollected/IMG0\Image_1658500394448373.jpg,3
C:\Users\user\Documents\workspace\CNN_Raspberrypi-build-hat\DataCollected/IMG0\Image_1658500394495411.jpg,3
C:\Users\user\Documents\workspace\CNN_Raspberrypi-build-hat\DataCollected/IMG0\Image_1658500394527954.jpg,3
C:\Users\user\Documents\workspace\CNN_Raspberrypi-build-hat\DataCollected/IMG0\Image_1658500394560633.jpg,3
C:\Users\user\Documents\workspace\CNN_Raspberrypi-build-hat\DataCollected/IMG0\Image_1658500394591429.jpg,3
C:\Users\user\Documents\workspace\CNN_Raspberrypi-build-hat\DataCollected/IMG0\Image_1658500394624629.jpg,3
C:\Users\user\Documents\workspace\CNN_Raspberrypi-build-hat\DataCollected/IMG0\Image_1658500394656115.jpg,3
C:\Users\user\Documents\workspace\CNN_Raspberrypi-build-hat\DataCollected/IMG0\Image_1658500394688318.jpg,3
C:\Users\user\Documents\workspace\CNN_Raspberrypi-build-hat\DataCollected/IMG0\Image_1658500394720317.jpg,3
C:\Users\user\Documents\workspace\CNN_Raspberrypi-build-hat\DataCollected/IMG0\Image_1658500394750309.jpg,3
C:\Users\user\Documents\workspace\CNN_Raspberrypi-build-hat\DataCollected/IMG0\Image_1658500394786346.jpg,3
C:\Users\user\Documents\workspace\CNN_Raspberrypi-build-hat\DataCollected/IMG0\Image_1658500394815124.jpg,3
C:\Users\user\Documents\workspace\CNN_Raspberrypi-build-hat\DataCollected/IMG0\Image_1658500394847218.jpg,3
C:\Users\user\Documents\workspace\CNN_Raspberrypi-build-hat\DataCollected/IMG0\Image_165850039489718.jpg,3
C:\Users\user\Documents\workspace\CNN_Raspberrypi-build-hat\DataCollected/IMG0\Image_1658500394942344.jpg,3
C:\Users\user\Documents\workspace\CNN_Raspberrypi-build-hat\DataCollected/IMG0\Image_1658500394962358.jpg,3
C:\Users\user\Documents\workspace\CNN_Raspberrypi-build-hat\DataCollected/IMG0\Image_1658500394993282.jpg,3
C:\Users\user\Documents\workspace\CNN_Raspberrypi-build-hat\DataCollected/IMG0\Image_1658500395023716.jpg,3
C:\Users\user\Documents\workspace\CNN_Raspberrypi-build-hat\DataCollected/IMG0\Image_1658500395056753.jpg,3
C:\Users\user\Documents\workspace\CNN_Raspberrypi-build-hat\DataCollected/IMG0\Image_1658500395087556.jpg,3
C:\Users\user\Documents\workspace\CNN_Raspberrypi-build-hat\DataCollected/IMG0\Image_1658500395120102.jpg,3
C:\Users\user\Documents\workspace\CNN_Raspberrypi-build-hat\DataCollected/IMG0\Image_1658500395152118.jpg,3
C:\Users\user\Documents\workspace\CNN_Raspberrypi-build-hat\DataCollected/IMG0\Image_1658500395186293.jpg,3
C:\Users\user\Documents\workspace\CNN_Raspberrypi-build-hat\DataCollected/IMG0\Image_1658500395216015.jpg,3
C:\Users\user\Documents\workspace\CNN_Raspberrypi-build-hat\DataCollected/IMG0\Image_1658500395247895.jpg,3
C:\Users\user\Documents\workspace\CNN_Raspberrypi-build-hat\DataCollected/IMG0\Image_1658500395295408.jpg,3
C:\Users\user\Documents\workspace\CNN_Raspberrypi-build-hat\DataCollected/IMG0\Image_1658500395328409.jpg,3
C:\Users\user\Documents\workspace\CNN_Raspberrypi-build-hat\DataCollected/IMG0\Image_1658500395359409.jpg,3
C:\Users\user\Documents\workspace\CNN_Raspberrypi-build-hat\DataCollected/IMG0\Image_1658500395391925.jpg,3
C:\Users\user\Documents\workspace\CNN_Raspberrypi-build-hat\DataCollected/IMG0\Image_1658500395423708.jpg,3
C:\Users\user\Documents\workspace\CNN_Raspberrypi-build-hat\DataCollected/IMG0\Image_1658500395456489.jpg,3
C:\Users\user\Documents\workspace\CNN_Raspberrypi-build-hat\DataCollected/IMG0\Image_1658500395488357.jpg,3
C:\Users\user\Documents\workspace\CNN_Raspberrypi-build-hat\DataCollected/IMG0\Image_1658500395519457.jpg,3
C:\Users\user\Documents\workspace\CNN_Raspberrypi-build-hat\DataCollected/IMG0\Image_1658500395553382.jpg,3
C:\Users\user\Documents\workspace\CNN_Raspberrypi-build-hat\DataCollected/IMG0\Image_1658500395585231.jpg,3
C:\Users\user\Documents\workspace\CNN_Raspberrypi-build-hat\DataCollected/IMG0\Image_1658500395615752.jpg,3
C:\Users\user\Documents\workspace\CNN_Raspberrypi-build-hat\DataCollected/IMG0\Image_1658500395648377.jpg,3
C:\Users\user\Documents\workspace\CNN_Raspberrypi-build-hat\DataCollected/IMG0\Image_1658500395696018.jpg,3
C:\Users\user\Documents\workspace\CNN_Raspberrypi-build-hat\DataCollected/IMG0\Image_1658500395728714.jpg,3
C:\Users\user\Documents\workspace\CNN_Raspberrypi-build-hat\DataCollected/IMG0\Image_1658500395760852.jpg,3
C:\Users\user\Documents\workspace\CNN_Raspberrypi-build-hat\DataCollected/IMG0\Image_1658500395792928.jpg,3
C:\Users\user\Documents\workspace\CNN_Raspberrypi-build-hat\DataCollected/IMG0\Image_1658500395823445.jpg,3
C:\Users\user\Documents\workspace\CNN_Raspberrypi-build-hat\DataCollected/IMG0\Image_165850039585576.jpg,3
C:\Users\user\Documents\workspace\CNN_Raspberrypi-build-hat\DataCollected/IMG0\Image_1658500395887192.jpg,3
C:\Users\user\Documents\workspace\CNN_Raspberrypi-build-hat\DataCollected/IMG0\Image_1658500395928602.jpg,3
C:\Users\user\Documents\workspace\CNN_Raspberrypi-build-hat\DataCollected/IMG0\Image_1658500395953814.jpg,3
C:\Users\user\Documents\workspace\CNN_Raspberrypi-build-hat\DataCollected/IMG0\Image_1658500395985299.jpg,3
C:\Users\user\Documents\workspace\CNN_Raspberrypi-build-hat\DataCollected/IMG0\Image_1658500396015827.jpg,3
C:\Users\user\Documents\workspace\CNN_Raspberrypi-build-hat\DataCollected/IMG0\Image_1658500396048261.jpg,3
C:\Users\user\Documents\workspace\CNN_Raspberrypi-build-hat\DataCollected/IMG0\Image_1658500396096264.jpg,3
C:\Users\user\Documents\workspace\CNN_Raspberrypi-build-hat\DataCollected/IMG0\Image_1658500396128905.jpg,3
C:\Users\user\Documents\workspace\CNN_Raspberrypi-build-hat\DataCollected/IMG0\Image_1658500396159424.jpg,3
C:\Users\user\Documents\workspace\CNN_Raspberrypi-build-hat\DataCollected/IMG0\Image_165850039619193.jpg,3
C:\Users\user\Documents\workspace\CNN_Raspberrypi-build-hat\DataCollected/IMG0\Image_1658500396223979.jpg,3
C:\Users\user\Documents\workspace\CNN_Raspberrypi-build-hat\DataCollected/IMG0\Image_1658500396255991.jpg,3
C:\Users\user\Documents\workspace\CNN_Raspberrypi-build-hat\DataCollected/IMG0\Image_1658500396288793.jpg,3
C:\Users\user\Documents\workspace\CNN_Raspberrypi-build-hat\DataCollected/IMG0\Image_1658500396320083.jpg,3
C:\Users\user\Documents\workspace\CNN_Raspberrypi-build-hat\DataCollected/IMG0\Image_1658500396353361.jpg,3
C:\Users\user\Documents\workspace\CNN_Raspberrypi-build-hat\DataCollected/IMG0\Image_1658500396387143.jpg,3
C:\Users\user\Documents\workspace\CNN_Raspberrypi-build-hat\DataCollected/IMG0\Image_16585003964168.jpg,3
C:\Users\user\Documents\workspace\CNN_Raspberrypi-build-hat\DataCollected/IMG0\Image_1658500396448713.jpg,3
C:\Users\user\Documents\workspace\CNN_Raspberrypi-build-hat\DataCollected/IMG0\Image_1658500396496331.jpg,3
C:\Users\user\Documents\workspace\CNN_Raspberrypi-build-hat\DataCollected/IMG0\Image_1658500396527334.jpg,3
C:\Users\user\Documents\workspace\CNN_Raspberrypi-build-hat\DataCollected/IMG0\Image_1658500396560002.jpg,3
C:\Users\user\Documents\workspace\CNN_Raspberrypi-build-hat\DataCollected/IMG0\Image_1658500396592676.jpg,3
C:\Users\user\Documents\workspace\CNN_Raspberrypi-build-hat\DataCollected/IMG0\Image_165850039662463.jpg,3
C:\Users\user\Documents\workspace\CNN_Raspberrypi-build-hat\DataCollected/IMG0\Image_1658500396656347.jpg,3
C:\Users\user\Documents\workspace\CNN_Raspberrypi-build-hat\DataCollected/IMG0\Image_1658500396688009.jpg,3
C:\Users\user\Documents\workspace\CNN_Raspberrypi-build-hat\DataCollected/IMG0\Image_1658500396720433.jpg,3
C:\Users\user\Documents\workspace\CNN_Raspberrypi-build-hat\DataCollected/IMG0\Image_1658500396752243.jpg,3
C:\Users\user\Documents\workspace\CNN_Raspberrypi-build-hat\DataCollected/IMG0\Image_1658500396785305.jpg,3
C:\Users\user\Documents\workspace\CNN_Raspberrypi-build-hat\DataCollected/IMG0\Image_1658500396815913.jpg,3
C:\Users\user\Documents\workspace\CNN_Raspberrypi-build-hat\DataCollected/IMG0\Image_1658500396848556.jpg,3
C:\Users\user\Documents\workspace\CNN_Raspberrypi-build-hat\DataCollected/IMG0\Image_1658500396895548.jpg,3
C:\Users\user\Documents\workspace\CNN_Raspberrypi-build-hat\DataCollected/IMG0\Image_1658500396928433.jpg,3
C:\Users\user\Documents\workspace\CNN_Raspberrypi-build-hat\DataCollected/IMG0\Image_1658500396962143.jpg,3
C:\Users\user\Documents\workspace\CNN_Raspberrypi-build-hat\DataCollected/IMG0\Image_1658500396992022.jpg,3
C:\Users\user\Documents\workspace\CNN_Raspberrypi-build-hat\DataCollected/IMG0\Image_1658500397025188.jpg,3
C:\Users\user\Documents\workspace\CNN_Raspberrypi-build-hat\DataCollected/IMG0\Image_1658500397054365.jpg,3
C:\Users\user\Documents\workspace\CNN_Raspberrypi-build-hat\DataCollected/IMG0\Image_1658500397086737.jpg,3
C:\Users\user\Documents\workspace\CNN_Raspberrypi-build-hat\DataCollected/IMG0\Image_1658500397119695.jpg,3
C:\Users\user\Documents\workspace\CNN_Raspberrypi-build-hat\DataCollected/IMG0\Image_1658500397151758.jpg,3
C:\Users\user\Documents\workspace\CNN_Raspberrypi-build-hat\DataCollected/IMG0\Image_1658500397186451.jpg,3
C:\Users\user\Documents\workspace\CNN_Raspberrypi-build-hat\DataCollected/IMG0\Image_1658500397215598.jpg,3
C:\Users\user\Documents\workspace\CNN_Raspberrypi-build-hat\DataCollected/IMG0\Image_1658500397247798.jpg,3
C:\Users\user\Documents\workspace\CNN_Raspberrypi-build-hat\DataCollected/IMG0\Image_1658500397295501.jpg,3
C:\Users\user\Documents\workspace\CNN_Raspberrypi-build-hat\DataCollected/IMG0\Image_1658500397329399.jpg,3
C:\Users\user\Documents\workspace\CNN_Raspberrypi-build-hat\DataCollected/IMG0\Image_165850039735983.jpg,1
C:\Users\user\Documents\workspace\CNN_Raspberrypi-build-hat\DataCollected/IMG0\Image_1658500397391799.jpg,1
C:\Users\user\Documents\workspace\CNN_Raspberrypi-build-hat\DataCollected/IMG0\Image_165850039742447.jpg,1
C:\Users\user\Documents\workspace\CNN_Raspberrypi-build-hat\DataCollected/IMG0\Image_1658500397457468.jpg,1
C:\Users\user\Documents\workspace\CNN_Raspberrypi-build-hat\DataCollected/IMG0\Image_1658500397486469.jpg,1
C:\Users\user\Documents\workspace\CNN_Raspberrypi-build-hat\DataCollected/IMG0\Image_1658500397520205.jpg,1
C:\Users\user\Documents\workspace\CNN_Raspberrypi-build-hat\DataCollected/IMG0\Image_1658500397553556.jpg,1
C:\Users\user\Documents\workspace\CNN_Raspberrypi-build-hat\DataCollected/IMG0\Image_1658500397584286.jpg,1
C:\Users\user\Documents\workspace\CNN_Raspberrypi-build-hat\DataCollected/IMG0\Image_1658500397615954.jpg,1
C:\Users\user\Documents\workspace\CNN_Raspberrypi-build-hat\DataCollected/IMG0\Image_1658500397648085.jpg,1
C:\Users\user\Documents\workspace\CNN_Raspberrypi-build-hat\DataCollected/IMG0\Image_1658500397696212.jpg,1
C:\Users\user\Documents\workspace\CNN_Raspberrypi-build-hat\DataCollected/IMG0\Image_1658500397727179.jpg,1
C:\Users\user\Documents\workspace\CNN_Raspberrypi-build-hat\DataCollected/IMG0\Image_1658500397759913.jpg,1
C:\Users\user\Documents\workspace\CNN_Raspberrypi-build-hat\DataCollected/IMG0\Image_165850039779205.jpg,1
C:\Users\user\Documents\workspace\CNN_Raspberrypi-build-hat\DataCollected/IMG0\Image_1658500397824095.jpg,1
C:\Users\user\Documents\workspace\CNN_Raspberrypi-build-hat\DataCollected/IMG0\Image_1658500397855671.jpg,1
C:\Users\user\Documents\workspace\CNN_Raspberrypi-build-hat\DataCollected/IMG0\Image_1658500397888053.jpg,1
C:\Users\user\Documents\workspace\CNN_Raspberrypi-build-hat\DataCollected/IMG0\Image_1658500397920634.jpg,1
C:\Users\user\Documents\workspace\CNN_Raspberrypi-build-hat\DataCollected/IMG0\Image_1658500397953629.jpg,1
C:\Users\user\Documents\workspace\CNN_Raspberrypi-build-hat\DataCollected/IMG0\Image_1658500397984631.jpg,1
C:\Users\user\Documents\workspace\CNN_Raspberrypi-build-hat\DataCollected/IMG0\Image_1658500398016363.jpg,1
C:\Users\user\Documents\workspace\CNN_Raspberrypi-build-hat\DataCollected/IMG0\Image_1658500398048045.jpg,1
C:\Users\user\Documents\workspace\CNN_Raspberrypi-build-hat\DataCollected/IMG0\Image_1658500398096675.jpg,1
C:\Users\user\Documents\workspace\CNN_Raspberrypi-build-hat\DataCollected/IMG0\Image_1658500398127885.jpg,1
C:\Users\user\Documents\workspace\CNN_Raspberrypi-build-hat\DataCollected/IMG0\Image_1658500398159483.jpg,1
C:\Users\user\Documents\workspace\CNN_Raspberrypi-build-hat\DataCollected/IMG0\Image_1658500398191242.jpg,1
C:\Users\user\Documents\workspace\CNN_Raspberrypi-build-hat\DataCollected/IMG0\Image_1658500398224284.jpg,1
C:\Users\user\Documents\workspace\CNN_Raspberrypi-build-hat\DataCollected/IMG0\Image_1658500398255906.jpg,1
C:\Users\user\Documents\workspace\CNN_Raspberrypi-build-hat\DataCollected/IMG0\Image_1658500398288771.jpg,1
C:\Users\user\Documents\workspace\CNN_Raspberrypi-build-hat\DataCollected/IMG0\Image_1658500398320266.jpg,1
C:\Users\user\Documents\workspace\CNN_Raspberrypi-build-hat\DataCollected/IMG0\Image_1658500398354217.jpg,1
C:\Users\user\Documents\workspace\CNN_Raspberrypi-build-hat\DataCollected/IMG0\Image_1658500398384473.jpg,1
C:\Users\user\Documents\workspace\CNN_Raspberrypi-build-hat\DataCollected/IMG0\Image_1658500398415981.jpg,1
C:\Users\user\Documents\workspace\CNN_Raspberrypi-build-hat\DataCollected/IMG0\Image_1658500398448895.jpg,1
C:\Users\user\Documents\workspace\CNN_Raspberrypi-build-hat\DataCollected/IMG0\Image_1658500398495916.jpg,1
C:\Users\user\Documents\workspace\CNN_Raspberrypi-build-hat\DataCollected/IMG0\Image_1658500398527369.jpg,1
C:\Users\user\Documents\workspace\CNN_Raspberrypi-build-hat\DataCollected/IMG0\Image_165850039856015.jpg,1
C:\Users\user\Documents\workspace\CNN_Raspberrypi-build-hat\DataCollected/IMG0\Image_165850039859166.jpg,1
C:\Users\user\Documents\workspace\CNN_Raspberrypi-build-hat\DataCollected/IMG0\Image_1658500398623827.jpg,1
C:\Users\user\Documents\workspace\CNN_Raspberrypi-build-hat\DataCollected/IMG0\Image_165850039865561.jpg,1
C:\Users\user\Documents\workspace\CNN_Raspberrypi-build-hat\DataCollected/IMG0\Image_1658500398687877.jpg,1
C:\Users\user\Documents\workspace\CNN_Raspberrypi-build-hat\DataCollected/IMG0\Image_1658500398720888.jpg,1
C:\Users\user\Documents\workspace\CNN_Raspberrypi-build-hat\DataCollected/IMG0\Image_1658500398753247.jpg,1
C:\Users\user\Documents\workspace\CNN_Raspberrypi-build-hat\DataCollected/IMG0\Image_1658500398783901.jpg,1
C:\Users\user\Documents\workspace\CNN_Raspberrypi-build-hat\DataCollected/IMG0\Image_1658500398816152.jpg,1
C:\Users\user\Documents\workspace\CNN_Raspberrypi-build-hat\DataCollected/IMG0\Image_1658500398848802.jpg,1
C:\Users\user\Documents\workspace\CNN_Raspberrypi-build-hat\DataCollected/IMG0\Image_1658500398896715.jpg,1
C:\Users\user\Documents\workspace\CNN_Raspberrypi-build-hat\DataCollected/IMG0\Image_1658500398929241.jpg,1
C:\Users\user\Documents\workspace\CNN_Raspberrypi-build-hat\DataCollected/IMG0\Image_1658500398961638.jpg,1
C:\Users\user\Documents\workspace\CNN_Raspberrypi-build-hat\DataCollected/IMG0\Image_1658500398992435.jpg,1
C:\Users\user\Documents\workspace\CNN_Raspberrypi-build-hat\DataCollected/IMG0\Image_1658500399023716.jpg,1
C:\Users\user\Documents\workspace\CNN_Raspberrypi-build-hat\DataCollected/IMG0\Image_1658500399055708.jpg,1
C:\Users\user\Documents\workspace\CNN_Raspberrypi-build-hat\DataCollected/IMG0\Image_1658500399087708.jpg,1
C:\Users\user\Documents\workspace\CNN_Raspberrypi-build-hat\DataCollected/IMG0\Image_1658500399134728.jpg,1
C:\Users\user\Documents\workspace\CNN_Raspberrypi-build-hat\DataCollected/IMG0\Image_1658500399155707.jpg,1
C:\Users\user\Documents\workspace\CNN_Raspberrypi-build-hat\DataCollected/IMG0\Image_1658500399183706.jpg,1
C:\Users\user\Documents\workspace\CNN_Raspberrypi-build-hat\DataCollected/IMG0\Image_1658500399215595.jpg,1
C:\Users\user\Documents\workspace\CNN_Raspberrypi-build-hat\DataCollected/IMG0\Image_1658500399249156.jpg,1
C:\Users\user\Documents\workspace\CNN_Raspberrypi-build-hat\DataCollected/IMG0\Image_1658500399298319.jpg,1
C:\Users\user\Documents\workspace\CNN_Raspberrypi-build-hat\DataCollected/IMG0\Image_165850039932793.jpg,1
C:\Users\user\Documents\workspace\CNN_Raspberrypi-build-hat\DataCollected/IMG0\Image_1658500399358658.jpg,1
C:\Users\user\Documents\workspace\CNN_Raspberrypi-build-hat\DataCollected/IMG0\Image_1658500399392204.jpg,1
C:\Users\user\Documents\workspace\CNN_Raspberrypi-build-hat\DataCollected/IMG0\Image_1658500399425074.jpg,1
C:\Users\user\Documents\workspace\CNN_Raspberrypi-build-hat\DataCollected/IMG0\Image_1658500399454726.jpg,1
C:\Users\user\Documents\workspace\CNN_Raspberrypi-build-hat\DataCollected/IMG0\Image_1658500399486504.jpg,1
C:\Users\user\Documents\workspace\CNN_Raspberrypi-build-hat\DataCollected/IMG0\Image_1658500399526103.jpg,1
C:\Users\user\Documents\workspace\CNN_Raspberrypi-build-hat\DataCollected/IMG0\Image_1658500399554118.jpg,1
C:\Users\user\Documents\workspace\CNN_Raspberrypi-build-hat\DataCollected/IMG0\Image_1658500399583787.jpg,1
C:\Users\user\Documents\workspace\CNN_Raspberrypi-build-hat\DataCollected/IMG0\Image_1658500399615432.jpg,1
C:\Users\user\Documents\workspace\CNN_Raspberrypi-build-hat\DataCollected/IMG0\Image_1658500399652028.jpg,1
C:\Users\user\Documents\workspace\CNN_Raspberrypi-build-hat\DataCollected/IMG0\Image_1658500399696135.jpg,1
C:\Users\user\Documents\workspace\CNN_Raspberrypi-build-hat\DataCollected/IMG0\Image_1658500399727889.jpg,1
C:\Users\user\Documents\workspace\CNN_Raspberrypi-build-hat\DataCollected/IMG0\Image_1658500399761461.jpg,1
C:\Users\user\Documents\workspace\CNN_Raspberrypi-build-hat\DataCollected/IMG0\Image_1658500399791788.jpg,1
C:\Users\user\Documents\workspace\CNN_Raspberrypi-build-hat\DataCollected/IMG0\Image_165850039982434.jpg,1
C:\Users\user\Documents\workspace\CNN_Raspberrypi-build-hat\DataCollected/IMG0\Image_165850039985595.jpg,1
C:\Users\user\Documents\workspace\CNN_Raspberrypi-build-hat\DataCollected/IMG0\Image_1658500399886977.jpg,1
C:\Users\user\Documents\workspace\CNN_Raspberrypi-build-hat\DataCollected/IMG0\Image_1658500399919969.jpg,1
C:\Users\user\Documents\workspace\CNN_Raspberrypi-build-hat\DataCollected/IMG0\Image_1658500399952959.jpg,1
C:\Users\user\Documents\workspace\CNN_Raspberrypi-build-hat\DataCollected/IMG0\Image_1658500399983971.jpg,1
C:\Users\user\Documents\workspace\CNN_Raspberrypi-build-hat\DataCollected/IMG0\Image_165850040001596.jpg,1
C:\Users\user\Documents\workspace\CNN_Raspberrypi-build-hat\DataCollected/IMG0\Image_1658500400047968.jpg,1
C:\Users\user\Documents\workspace\CNN_Raspberrypi-build-hat\DataCollected/IMG0\Image_1658500400097264.jpg,1
C:\Users\user\Documents\workspace\CNN_Raspberrypi-build-hat\DataCollected/IMG0\Image_1658500400129858.jpg,1
C:\Users\user\Documents\workspace\CNN_Raspberrypi-build-hat\DataCollected/IMG0\Image_1658500400161056.jpg,1
C:\Users\user\Documents\workspace\CNN_Raspberrypi-build-hat\DataCollected/IMG0\Image_1658500400192089.jpg,1
C:\Users\user\Documents\workspace\CNN_Raspberrypi-build-hat\DataCollected/IMG0\Image_1658500400223988.jpg,1
C:\Users\user\Documents\workspace\CNN_Raspberrypi-build-hat\DataCollected/IMG0\Image_1658500400255968.jpg,1
C:\Users\user\Documents\workspace\CNN_Raspberrypi-build-hat\DataCollected/IMG0\Image_1658500400288786.jpg,1
C:\Users\user\Documents\workspace\CNN_Raspberrypi-build-hat\DataCollected/IMG0\Image_1658500400320981.jpg,1
C:\Users\user\Documents\workspace\CNN_Raspberrypi-build-hat\DataCollected/IMG0\Image_1658500400352233.jpg,1
C:\Users\user\Documents\workspace\CNN_Raspberrypi-build-hat\DataCollected/IMG0\Image_1658500400384783.jpg,1
C:\Users\user\Documents\workspace\CNN_Raspberrypi-build-hat\DataCollected/IMG0\Image_1658500400417094.jpg,1
C:\Users\user\Documents\workspace\CNN_Raspberrypi-build-hat\DataCollected/IMG0\Image_1658500400448231.jpg,1
C:\Users\user\Documents\workspace\CNN_Raspberrypi-build-hat\DataCollected/IMG0\Image_1658500400497148.jpg,1
C:\Users\user\Documents\workspace\CNN_Raspberrypi-build-hat\DataCollected/IMG0\Image_1658500400527335.jpg,1
C:\Users\user\Documents\workspace\CNN_Raspberrypi-build-hat\DataCollected/IMG0\Image_1658500400559735.jpg,1
C:\Users\user\Documents\workspace\CNN_Raspberrypi-build-hat\DataCollected/IMG0\Image_1658500400593072.jpg,1
C:\Users\user\Documents\workspace\CNN_Raspberrypi-build-hat\DataCollected/IMG0\Image_1658500400625174.jpg,1
C:\Users\user\Documents\workspace\CNN_Raspberrypi-build-hat\DataCollected/IMG0\Image_1658500400656217.jpg,1
C:\Users\user\Documents\workspace\CNN_Raspberrypi-build-hat\DataCollected/IMG0\Image_1658500400689243.jpg,1
C:\Users\user\Documents\workspace\CNN_Raspberrypi-build-hat\DataCollected/IMG0\Image_1658500400721055.jpg,1
C:\Users\user\Documents\workspace\CNN_Raspberrypi-build-hat\DataCollected/IMG0\Image_1658500400753587.jpg,1
C:\Users\user\Documents\workspace\CNN_Raspberrypi-build-hat\DataCollected/IMG0\Image_1658500400785358.jpg,1
C:\Users\user\Documents\workspace\CNN_Raspberrypi-build-hat\DataCollected/IMG0\Image_1658500400816822.jpg,1
C:\Users\user\Documents\workspace\CNN_Raspberrypi-build-hat\DataCollected/IMG0\Image_1658500400847911.jpg,1
C:\Users\user\Documents\workspace\CNN_Raspberrypi-build-hat\DataCollected/IMG0\Image_1658500400895666.jpg,1
C:\Users\user\Documents\workspace\CNN_Raspberrypi-build-hat\DataCollected/IMG0\Image_1658500400929947.jpg,1
C:\Users\user\Documents\workspace\CNN_Raspberrypi-build-hat\DataCollected/IMG0\Image_1658500400959513.jpg,1
C:\Users\user\Documents\workspace\CNN_Raspberrypi-build-hat\DataCollected/IMG0\Image_1658500400992285.jpg,1
C:\Users\user\Documents\workspace\CNN_Raspberrypi-build-hat\DataCollected/IMG0\Image_165850040102473.jpg,1
C:\Users\user\Documents\workspace\CNN_Raspberrypi-build-hat\DataCollected/IMG0\Image_1658500401056586.jpg,1
C:\Users\user\Documents\workspace\CNN_Raspberrypi-build-hat\DataCollected/IMG0\Image_1658500401088423.jpg,1
C:\Users\user\Documents\workspace\CNN_Raspberrypi-build-hat\DataCollected/IMG0\Image_1658500401122763.jpg,1
C:\Users\user\Documents\workspace\CNN_Raspberrypi-build-hat\DataCollected/IMG0\Image_1658500401152197.jpg,1
C:\Users\user\Documents\workspace\CNN_Raspberrypi-build-hat\DataCollected/IMG0\Image_1658500401184319.jpg,1
C:\Users\user\Documents\workspace\CNN_Raspberrypi-build-hat\DataCollected/IMG0\Image_1658500401216922.jpg,1
C:\Users\user\Documents\workspace\CNN_Raspberrypi-build-hat\DataCollected/IMG0\Image_1658500401248452.jpg,1
C:\Users\user\Documents\workspace\CNN_Raspberrypi-build-hat\DataCollected/IMG0\Image_1658500401297424.jpg,1
C:\Users\user\Documents\workspace\CNN_Raspberrypi-build-hat\DataCollected/IMG0\Image_1658500401328029.jpg,1
C:\Users\user\Documents\workspace\CNN_Raspberrypi-build-hat\DataCollected/IMG0\Image_1658500401360059.jpg,1
C:\Users\user\Documents\workspace\CNN_Raspberrypi-build-hat\DataCollected/IMG0\Image_1658500401392164.jpg,1
C:\Users\user\Documents\workspace\CNN_Raspberrypi-build-hat\DataCollected/IMG0\Image_1658500401424269.jpg,1
C:\Users\user\Documents\workspace\CNN_Raspberrypi-build-hat\DataCollected/IMG0\Image_1658500401457145.jpg,1
C:\Users\user\Documents\workspace\CNN_Raspberrypi-build-hat\DataCollected/IMG0\Image_1658500401489132.jpg,1
C:\Users\user\Documents\workspace\CNN_Raspberrypi-build-hat\DataCollected/IMG0\Image_165850040152196.jpg,1
C:\Users\user\Documents\workspace\CNN_Raspberrypi-build-hat\DataCollected/IMG0\Image_1658500401551173.jpg,1
C:\Users\user\Documents\workspace\CNN_Raspberrypi-build-hat\DataCollected/IMG0\Image_1658500401584246.jpg,1
C:\Users\user\Documents\workspace\CNN_Raspberrypi-build-hat\DataCollected/IMG0\Image_1658500401617122.jpg,1
C:\Users\user\Documents\workspace\CNN_Raspberrypi-build-hat\DataCollected/IMG0\Image_1658500401649454.jpg,1
C:\Users\user\Documents\workspace\CNN_Raspberrypi-build-hat\DataCollected/IMG0\Image_165850040169597.jpg,1
C:\Users\user\Documents\workspace\CNN_Raspberrypi-build-hat\DataCollected/IMG0\Image_165850040172866.jpg,1
C:\Users\user\Documents\workspace\CNN_Raspberrypi-build-hat\DataCollected/IMG0\Image_1658500401760081.jpg,1
C:\Users\user\Documents\workspace\CNN_Raspberrypi-build-hat\DataCollected/IMG0\Image_1658500401792007.jpg,1
C:\Users\user\Documents\workspace\CNN_Raspberrypi-build-hat\DataCollected/IMG0\Image_1658500401824802.jpg,1
C:\Users\user\Documents\workspace\CNN_Raspberrypi-build-hat\DataCollected/IMG0\Image_1658500401856559.jpg,1
C:\Users\user\Documents\workspace\CNN_Raspberrypi-build-hat\DataCollected/IMG0\Image_1658500401889772.jpg,1
C:\Users\user\Documents\workspace\CNN_Raspberrypi-build-hat\DataCollected/IMG0\Image_1658500401921301.jpg,1
C:\Users\user\Documents\workspace\CNN_Raspberrypi-build-hat\DataCollected/IMG0\Image_1658500401952095.jpg,1
C:\Users\user\Documents\workspace\CNN_Raspberrypi-build-hat\DataCollected/IMG0\Image_1658500401984203.jpg,1
C:\Users\user\Documents\workspace\CNN_Raspberrypi-build-hat\DataCollected/IMG0\Image_1658500402017275.jpg,1
C:\Users\user\Documents\workspace\CNN_Raspberrypi-build-hat\DataCollected/IMG0\Image_1658500402047435.jpg,4
C:\Users\user\Documents\workspace\CNN_Raspberrypi-build-hat\DataCollected/IMG0\Image_1658500402095595.jpg,4
C:\Users\user\Documents\workspace\CNN_Raspberrypi-build-hat\DataCollected/IMG0\Image_1658500402129212.jpg,4
C:\Users\user\Documents\workspace\CNN_Raspberrypi-build-hat\DataCollected/IMG0\Image_1658500402159956.jpg,4
C:\Users\user\Documents\workspace\CNN_Raspberrypi-build-hat\DataCollected/IMG0\Image_1658500402192235.jpg,4
C:\Users\user\Documents\workspace\CNN_Raspberrypi-build-hat\DataCollected/IMG0\Image_1658500402223187.jpg,4
C:\Users\user\Documents\workspace\CNN_Raspberrypi-build-hat\DataCollected/IMG0\Image_1658500402256114.jpg,4
C:\Users\user\Documents\workspace\CNN_Raspberrypi-build-hat\DataCollected/IMG0\Image_1658500402288893.jpg,4
C:\Users\user\Documents\workspace\CNN_Raspberrypi-build-hat\DataCollected/IMG0\Image_1658500402320246.jpg,4
C:\Users\user\Documents\workspace\CNN_Raspberrypi-build-hat\DataCollected/IMG0\Image_1658500402351482.jpg,4
C:\Users\user\Documents\workspace\CNN_Raspberrypi-build-hat\DataCollected/IMG0\Image_1658500402384352.jpg,4
C:\Users\user\Documents\workspace\CNN_Raspberrypi-build-hat\DataCollected/IMG0\Image_1658500402416975.jpg,4
C:\Users\user\Documents\workspace\CNN_Raspberrypi-build-hat\DataCollected/IMG0\Image_1658500402447711.jpg,4
C:\Users\user\Documents\workspace\CNN_Raspberrypi-build-hat\DataCollected/IMG0\Image_1658500402495511.jpg,4
C:\Users\user\Documents\workspace\CNN_Raspberrypi-build-hat\DataCollected/IMG0\Image_1658500402529001.jpg,4
C:\Users\user\Documents\workspace\CNN_Raspberrypi-build-hat\DataCollected/IMG0\Image_1658500402560595.jpg,4
C:\Users\user\Documents\workspace\CNN_Raspberrypi-build-hat\DataCollected/IMG0\Image_1658500402592059.jpg,4
C:\Users\user\Documents\workspace\CNN_Raspberrypi-build-hat\DataCollected/IMG0\Image_1658500402623362.jpg,4
C:\Users\user\Documents\workspace\CNN_Raspberrypi-build-hat\DataCollected/IMG0\Image_1658500402656373.jpg,4
C:\Users\user\Documents\workspace\CNN_Raspberrypi-build-hat\DataCollected/IMG0\Image_1658500402689372.jpg,4
C:\Users\user\Documents\workspace\CNN_Raspberrypi-build-hat\DataCollected/IMG0\Image_1658500402721532.jpg,4
C:\Users\user\Documents\workspace\CNN_Raspberrypi-build-hat\DataCollected/IMG0\Image_1658500402751932.jpg,4
C:\Users\user\Documents\workspace\CNN_Raspberrypi-build-hat\DataCollected/IMG0\Image_1658500402784687.jpg,4
C:\Users\user\Documents\workspace\CNN_Raspberrypi-build-hat\DataCollected/IMG0\Image_1658500402826451.jpg,4
C:\Users\user\Documents\workspace\CNN_Raspberrypi-build-hat\DataCollected/IMG0\Image_1658500402849898.jpg,4
C:\Users\user\Documents\workspace\CNN_Raspberrypi-build-hat\DataCollected/IMG0\Image_1658500402895895.jpg,4
C:\Users\user\Documents\workspace\CNN_Raspberrypi-build-hat\DataCollected/IMG0\Image_1658500402928626.jpg,4
C:\Users\user\Documents\workspace\CNN_Raspberrypi-build-hat\DataCollected/IMG0\Image_1658500402959498.jpg,4
C:\Users\user\Documents\workspace\CNN_Raspberrypi-build-hat\DataCollected/IMG0\Image_1658500402991887.jpg,4
C:\Users\user\Documents\workspace\CNN_Raspberrypi-build-hat\DataCollected/IMG0\Image_1658500403023886.jpg,4
C:\Users\user\Documents\workspace\CNN_Raspberrypi-build-hat\DataCollected/IMG0\Image_1658500403055608.jpg,4
C:\Users\user\Documents\workspace\CNN_Raspberrypi-build-hat\DataCollected/IMG0\Image_1658500403089256.jpg,4
C:\Users\user\Documents\workspace\CNN_Raspberrypi-build-hat\DataCollected/IMG0\Image_1658500403119561.jpg,4
C:\Users\user\Documents\workspace\CNN_Raspberrypi-build-hat\DataCollected/IMG0\Image_1658500403152439.jpg,4
C:\Users\user\Documents\workspace\CNN_Raspberrypi-build-hat\DataCollected/IMG0\Image_1658500403184132.jpg,4
C:\Users\user\Documents\workspace\CNN_Raspberrypi-build-hat\DataCollected/IMG0\Image_1658500403217098.jpg,4
C:\Users\user\Documents\workspace\CNN_Raspberrypi-build-hat\DataCollected/IMG0\Image_1658500403265086.jpg,4
C:\Users\user\Documents\workspace\CNN_Raspberrypi-build-hat\DataCollected/IMG0\Image_1658500403296051.jpg,4
C:\Users\user\Documents\workspace\CNN_Raspberrypi-build-hat\DataCollected/IMG0\Image_1658500403327991.jpg,4
C:\Users\user\Documents\workspace\CNN_Raspberrypi-build-hat\DataCollected/IMG0\Image_1658500403360114.jpg,4
C:\Users\user\Documents\workspace\CNN_Raspberrypi-build-hat\DataCollected/IMG0\Image_165850040339276.jpg,4
C:\Users\user\Documents\workspace\CNN_Raspberrypi-build-hat\DataCollected/IMG0\Image_1658500403424752.jpg,4
C:\Users\user\Documents\workspace\CNN_Raspberrypi-build-hat\DataCollected/IMG0\Image_1658500403456258.jpg,4
C:\Users\user\Documents\workspace\CNN_Raspberrypi-build-hat\DataCollected/IMG0\Image_1658500403490193.jpg,4
C:\Users\user\Documents\workspace\CNN_Raspberrypi-build-hat\DataCollected/IMG0\Image_1658500403520764.jpg,4
C:\Users\user\Documents\workspace\CNN_Raspberrypi-build-hat\DataCollected/IMG0\Image_1658500403551997.jpg,4
C:\Users\user\Documents\workspace\CNN_Raspberrypi-build-hat\DataCollected/IMG0\Image_1658500403584244.jpg,4
C:\Users\user\Documents\workspace\CNN_Raspberrypi-build-hat\DataCollected/IMG0\Image_1658500403617022.jpg,4
C:\Users\user\Documents\workspace\CNN_Raspberrypi-build-hat\DataCollected/IMG0\Image_1658500403646635.jpg,4
C:\Users\user\Documents\workspace\CNN_Raspberrypi-build-hat\DataCollected/IMG0\Image_1658500403696169.jpg,4
C:\Users\user\Documents\workspace\CNN_Raspberrypi-build-hat\DataCollected/IMG0\Image_1658500403729033.jpg,4
C:\Users\user\Documents\workspace\CNN_Raspberrypi-build-hat\DataCollected/IMG0\Image_1658500403760516.jpg,4
C:\Users\user\Documents\workspace\CNN_Raspberrypi-build-hat\DataCollected/IMG0\Image_1658500403792024.jpg,4
C:\Users\user\Documents\workspace\CNN_Raspberrypi-build-hat\DataCollected/IMG0\Image_1658500403824053.jpg,4
C:\Users\user\Documents\workspace\CNN_Raspberrypi-build-hat\DataCollected/IMG0\Image_1658500403856791.jpg,4
C:\Users\user\Documents\workspace\CNN_Raspberrypi-build-hat\DataCollected/IMG0\Image_1658500403889962.jpg,4
C:\Users\user\Documents\workspace\CNN_Raspberrypi-build-hat\DataCollected/IMG0\Image_1658500403920423.jpg,4
C:\Users\user\Documents\workspace\CNN_Raspberrypi-build-hat\DataCollected/IMG0\Image_1658500403952394.jpg,4
C:\Users\user\Documents\workspace\CNN_Raspberrypi-build-hat\DataCollected/IMG0\Image_1658500403984505.jpg,4
C:\Users\user\Documents\workspace\CNN_Raspberrypi-build-hat\DataCollected/IMG0\Image_1658500404017829.jpg,4
C:\Users\user\Documents\workspace\CNN_Raspberrypi-build-hat\DataCollected/IMG0\Image_1658500404048793.jpg,4
C:\Users\user\Documents\workspace\CNN_Raspberrypi-build-hat\DataCollected/IMG0\Image_1658500404095392.jpg,4
C:\Users\user\Documents\workspace\CNN_Raspberrypi-build-hat\DataCollected/IMG0\Image_1658500404127263.jpg,4
C:\Users\user\Documents\workspace\CNN_Raspberrypi-build-hat\DataCollected/IMG0\Image_1658500404161975.jpg,4
C:\Users\user\Documents\workspace\CNN_Raspberrypi-build-hat\DataCollected/IMG0\Image_1658500404192362.jpg,4
C:\Users\user\Documents\workspace\CNN_Raspberrypi-build-hat\DataCollected/IMG0\Image_1658500404224696.jpg,4
C:\Users\user\Documents\workspace\CNN_Raspberrypi-build-hat\DataCollected/IMG0\Image_1658500404256683.jpg,4
C:\Users\user\Documents\workspace\CNN_Raspberrypi-build-hat\DataCollected/IMG0\Image_1658500404290278.jpg,4
C:\Users\user\Documents\workspace\CNN_Raspberrypi-build-hat\DataCollected/IMG0\Image_1658500404319993.jpg,4
C:\Users\user\Documents\workspace\CNN_Raspberrypi-build-hat\DataCollected/IMG0\Image_1658500404352034.jpg,4
C:\Users\user\Documents\workspace\CNN_Raspberrypi-build-hat\DataCollected/IMG0\Image_1658500404384892.jpg,4
C:\Users\user\Documents\workspace\CNN_Raspberrypi-build-hat\DataCollected/IMG0\Image_165850040442455.jpg,4
C:\Users\user\Documents\workspace\CNN_Raspberrypi-build-hat\DataCollected/IMG0\Image_1658500404449145.jpg,4
C:\Users\user\Documents\workspace\CNN_Raspberrypi-build-hat\DataCollected/IMG0\Image_1658500404497309.jpg,4
C:\Users\user\Documents\workspace\CNN_Raspberrypi-build-hat\DataCollected/IMG0\Image_1658500404527988.jpg,4
C:\Users\user\Documents\workspace\CNN_Raspberrypi-build-hat\DataCollected/IMG0\Image_1658500404559477.jpg,4
C:\Users\user\Documents\workspace\CNN_Raspberrypi-build-hat\DataCollected/IMG0\Image_1658500404591438.jpg,4
C:\Users\user\Documents\workspace\CNN_Raspberrypi-build-hat\DataCollected/IMG0\Image_1658500404624735.jpg,4
C:\Users\user\Documents\workspace\CNN_Raspberrypi-build-hat\DataCollected/IMG0\Image_1658500404656812.jpg,4
C:\Users\user\Documents\workspace\CNN_Raspberrypi-build-hat\DataCollected/IMG0\Image_1658500404689541.jpg,4
C:\Users\user\Documents\workspace\CNN_Raspberrypi-build-hat\DataCollected/IMG0\Image_1658500404721024.jpg,4
C:\Users\user\Documents\workspace\CNN_Raspberrypi-build-hat\DataCollected/IMG0\Image_1658500404751913.jpg,4
C:\Users\user\Documents\workspace\CNN_Raspberrypi-build-hat\DataCollected/IMG0\Image_1658500404786611.jpg,4
C:\Users\user\Documents\workspace\CNN_Raspberrypi-build-hat\DataCollected/IMG0\Image_1658500404818057.jpg,4
C:\Users\user\Documents\workspace\CNN_Raspberrypi-build-hat\DataCollected/IMG0\Image_1658500404847598.jpg,4
C:\Users\user\Documents\workspace\CNN_Raspberrypi-build-hat\DataCollected/IMG0\Image_1658500404895368.jpg,4
C:\Users\user\Documents\workspace\CNN_Raspberrypi-build-hat\DataCollected/IMG0\Image_1658500404927965.jpg,4
C:\Users\user\Documents\workspace\CNN_Raspberrypi-build-hat\DataCollected/IMG0\Image_1658500404960604.jpg,4
C:\Users\user\Documents\workspace\CNN_Raspberrypi-build-hat\DataCollected/IMG0\Image_1658500404992891.jpg,4
C:\Users\user\Documents\workspace\CNN_Raspberrypi-build-hat\DataCollected/IMG0\Image_1658500405024946.jpg,4
C:\Users\user\Documents\workspace\CNN_Raspberrypi-build-hat\DataCollected/IMG0\Image_1658500405056856.jpg,4
C:\Users\user\Documents\workspace\CNN_Raspberrypi-build-hat\DataCollected/IMG0\Image_1658500405088648.jpg,4
C:\Users\user\Documents\workspace\CNN_Raspberrypi-build-hat\DataCollected/IMG0\Image_1658500405129579.jpg,4
C:\Users\user\Documents\workspace\CNN_Raspberrypi-build-hat\DataCollected/IMG0\Image_1658500405151902.jpg,4
C:\Users\user\Documents\workspace\CNN_Raspberrypi-build-hat\DataCollected/IMG0\Image_1658500405185372.jpg,4
C:\Users\user\Documents\workspace\CNN_Raspberrypi-build-hat\DataCollected/IMG0\Image_1658500405216326.jpg,4
C:\Users\user\Documents\workspace\CNN_Raspberrypi-build-hat\DataCollected/IMG0\Image_1658500405250043.jpg,4
C:\Users\user\Documents\workspace\CNN_Raspberrypi-build-hat\DataCollected/IMG0\Image_1658500405302033.jpg,4
C:\Users\user\Documents\workspace\CNN_Raspberrypi-build-hat\DataCollected/IMG0\Image_1658500405327024.jpg,4
C:\Users\user\Documents\workspace\CNN_Raspberrypi-build-hat\DataCollected/IMG0\Image_1658500405365029.jpg,4
C:\Users\user\Documents\workspace\CNN_Raspberrypi-build-hat\DataCollected/IMG0\Image_1658500405392024.jpg,4
C:\Users\user\Documents\workspace\CNN_Raspberrypi-build-hat\DataCollected/IMG0\Image_1658500405424025.jpg,4
C:\Users\user\Documents\workspace\CNN_Raspberrypi-build-hat\DataCollected/IMG0\Image_165850040545603.jpg,4
C:\Users\user\Documents\workspace\CNN_Raspberrypi-build-hat\DataCollected/IMG0\Image_1658500405491022.jpg,4
C:\Users\user\Documents\workspace\CNN_Raspberrypi-build-hat\DataCollected/IMG0\Image_1658500405523023.jpg,4
C:\Users\user\Documents\workspace\CNN_Raspberrypi-build-hat\DataCollected/IMG0\Image_1658500405553023.jpg,4
C:\Users\user\Documents\workspace\CNN_Raspberrypi-build-hat\DataCollected/IMG0\Image_165850040558506.jpg,4
C:\Users\user\Documents\workspace\CNN_Raspberrypi-build-hat\DataCollected/IMG0\Image_1658500405617067.jpg,4
C:\Users\user\Documents\workspace\CNN_Raspberrypi-build-hat\DataCollected/IMG0\Image_1658500405649674.jpg,4
C:\Users\user\Documents\workspace\CNN_Raspberrypi-build-hat\DataCollected/IMG0\Image_1658500405697767.jpg,4
C:\Users\user\Documents\workspace\CNN_Raspberrypi-build-hat\DataCollected/IMG0\Image_1658500405729532.jpg,4
C:\Users\user\Documents\workspace\CNN_Raspberrypi-build-hat\DataCollected/IMG0\Image_165850040575969.jpg,4
C:\Users\user\Documents\workspace\CNN_Raspberrypi-build-hat\DataCollected/IMG0\Image_1658500405791711.jpg,4
C:\Users\user\Documents\workspace\CNN_Raspberrypi-build-hat\DataCollected/IMG0\Image_1658500405824505.jpg,4
C:\Users\user\Documents\workspace\CNN_Raspberrypi-build-hat\DataCollected/IMG0\Image_1658500405857315.jpg,4
C:\Users\user\Documents\workspace\CNN_Raspberrypi-build-hat\DataCollected/IMG0\Image_1658500405887789.jpg,4
C:\Users\user\Documents\workspace\CNN_Raspberrypi-build-hat\DataCollected/IMG0\Image_1658500405919876.jpg,4
C:\Users\user\Documents\workspace\CNN_Raspberrypi-build-hat\DataCollected/IMG0\Image_1658500405952839.jpg,4
C:\Users\user\Documents\workspace\CNN_Raspberrypi-build-hat\DataCollected/IMG0\Image_1658500405985015.jpg,4
C:\Users\user\Documents\workspace\CNN_Raspberrypi-build-hat\DataCollected/IMG0\Image_1658500406016905.jpg,4
C:\Users\user\Documents\workspace\CNN_Raspberrypi-build-hat\DataCollected/IMG0\Image_1658500406047552.jpg,4
C:\Users\user\Documents\workspace\CNN_Raspberrypi-build-hat\DataCollected/IMG0\Image_1658500406095174.jpg,4
C:\Users\user\Documents\workspace\CNN_Raspberrypi-build-hat\DataCollected/IMG0\Image_1658500406127103.jpg,4
C:\Users\user\Documents\workspace\CNN_Raspberrypi-build-hat\DataCollected/IMG0\Image_1658500406160444.jpg,4
C:\Users\user\Documents\workspace\CNN_Raspberrypi-build-hat\DataCollected/IMG0\Image_165850040619047.jpg,4
C:\Users\user\Documents\workspace\CNN_Raspberrypi-build-hat\DataCollected/IMG0\Image_1658500406225326.jpg,4
C:\Users\user\Documents\workspace\CNN_Raspberrypi-build-hat\DataCollected/IMG0\Image_165850040625526.jpg,4
C:\Users\user\Documents\workspace\CNN_Raspberrypi-build-hat\DataCollected/IMG0\Image_1658500406288308.jpg,4
C:\Users\user\Documents\workspace\CNN_Raspberrypi-build-hat\DataCollected/IMG0\Image_1658500406320123.jpg,4
C:\Users\user\Documents\workspace\CNN_Raspberrypi-build-hat\DataCollected/IMG0\Image_1658500406352304.jpg,4
C:\Users\user\Documents\workspace\CNN_Raspberrypi-build-hat\DataCollected/IMG0\Image_1658500406384811.jpg,4
C:\Users\user\Documents\workspace\CNN_Raspberrypi-build-hat\DataCollected/IMG0\Image_1658500406417784.jpg,4
C:\Users\user\Documents\workspace\CNN_Raspberrypi-build-hat\DataCollected/IMG0\Image_1658500406447742.jpg,4
C:\Users\user\Documents\workspace\CNN_Raspberrypi-build-hat\DataCollected/IMG0\Image_1658500406495568.jpg,4
C:\Users\user\Documents\workspace\CNN_Raspberrypi-build-hat\DataCollected/IMG0\Image_1658500406528578.jpg,4
C:\Users\user\Documents\workspace\CNN_Raspberrypi-build-hat\DataCollected/IMG0\Image_1658500406559578.jpg,4
C:\Users\user\Documents\workspace\CNN_Raspberrypi-build-hat\DataCollected/IMG0\Image_1658500406591579.jpg,4
C:\Users\user\Documents\workspace\CNN_Raspberrypi-build-hat\DataCollected/IMG0\Image_1658500406624583.jpg,4
C:\Users\user\Documents\workspace\CNN_Raspberrypi-build-hat\DataCollected/IMG0\Image_1658500406658577.jpg,4
C:\Users\user\Documents\workspace\CNN_Raspberrypi-build-hat\DataCollected/IMG0\Image_1658500406687228.jpg,4
C:\Users\user\Documents\workspace\CNN_Raspberrypi-build-hat\DataCollected/IMG0\Image_1658500406720636.jpg,4
C:\Users\user\Documents\workspace\CNN_Raspberrypi-build-hat\DataCollected/IMG0\Image_1658500406757995.jpg,4
C:\Users\user\Documents\workspace\CNN_Raspberrypi-build-hat\DataCollected/IMG0\Image_165850040678838.jpg,4
C:\Users\user\Documents\workspace\CNN_Raspberrypi-build-hat\DataCollected/IMG0\Image_165850040681675.jpg,4
C:\Users\user\Documents\workspace\CNN_Raspberrypi-build-hat\DataCollected/IMG0\Image_1658500406847823.jpg,4
C:\Users\user\Documents\workspace\CNN_Raspberrypi-build-hat\DataCollected/IMG0\Image_1658500406896712.jpg,4
C:\Users\user\Documents\workspace\CNN_Raspberrypi-build-hat\DataCollected/IMG0\Image_165850040692727.jpg,4
C:\Users\user\Documents\workspace\CNN_Raspberrypi-build-hat\DataCollected/IMG0\Image_1658500406960351.jpg,4
C:\Users\user\Documents\workspace\CNN_Raspberrypi-build-hat\DataCollected/IMG0\Image_1658500406991949.jpg,4
C:\Users\user\Documents\workspace\CNN_Raspberrypi-build-hat\DataCollected/IMG0\Image_1658500407024678.jpg,4
C:\Users\user\Documents\workspace\CNN_Raspberrypi-build-hat\DataCollected/IMG0\Image_1658500407058258.jpg,4
C:\Users\user\Documents\workspace\CNN_Raspberrypi-build-hat\DataCollected/IMG0\Image_1658500407088666.jpg,4
C:\Users\user\Documents\workspace\CNN_Raspberrypi-build-hat\DataCollected/IMG0\Image_1658500407120003.jpg,4
C:\Users\user\Documents\workspace\CNN_Raspberrypi-build-hat\DataCollected/IMG0\Image_1658500407153025.jpg,4
C:\Users\user\Documents\workspace\CNN_Raspberrypi-build-hat\DataCollected/IMG0\Image_1658500407185044.jpg,4
C:\Users\user\Documents\workspace\CNN_Raspberrypi-build-hat\DataCollected/IMG0\Image_1658500407217201.jpg,4
C:\Users\user\Documents\workspace\CNN_Raspberrypi-build-hat\DataCollected/IMG0\Image_1658500407250226.jpg,4
C:\Users\user\Documents\workspace\CNN_Raspberrypi-build-hat\DataCollected/IMG0\Image_1658500407296385.jpg,4
C:\Users\user\Documents\workspace\CNN_Raspberrypi-build-hat\DataCollected/IMG0\Image_1658500407328087.jpg,4
C:\Users\user\Documents\workspace\CNN_Raspberrypi-build-hat\DataCollected/IMG0\Image_1658500407360079.jpg,4
C:\Users\user\Documents\workspace\CNN_Raspberrypi-build-hat\DataCollected/IMG0\Image_165850040739906.jpg,4
C:\Users\user\Documents\workspace\CNN_Raspberrypi-build-hat\DataCollected/IMG0\Image_1658500407425057.jpg,4
C:\Users\user\Documents\workspace\CNN_Raspberrypi-build-hat\DataCollected/IMG0\Image_1658500407457564.jpg,4
C:\Users\user\Documents\workspace\CNN_Raspberrypi-build-hat\DataCollected/IMG0\Image_1658500407487058.jpg,4
C:\Users\user\Documents\workspace\CNN_Raspberrypi-build-hat\DataCollected/IMG0\Image_1658500407521052.jpg,4
C:\Users\user\Documents\workspace\CNN_Raspberrypi-build-hat\DataCollected/IMG0\Image_1658500407552897.jpg,4
C:\Users\user\Documents\workspace\CNN_Raspberrypi-build-hat\DataCollected/IMG0\Image_165850040758342.jpg,4
C:\Users\user\Documents\workspace\CNN_Raspberrypi-build-hat\DataCollected/IMG0\Image_1658500407616061.jpg,4
C:\Users\user\Documents\workspace\CNN_Raspberrypi-build-hat\DataCollected/IMG0\Image_1658500407647462.jpg,4
C:\Users\user\Documents\workspace\CNN_Raspberrypi-build-hat\DataCollected/IMG0\Image_1658500407695886.jpg,4
C:\Users\user\Documents\workspace\CNN_Raspberrypi-build-hat\DataCollected/IMG0\Image_1658500407727653.jpg,4
C:\Users\user\Documents\workspace\CNN_Raspberrypi-build-hat\DataCollected/IMG0\Image_1658500407760804.jpg,4
C:\Users\user\Documents\workspace\CNN_Raspberrypi-build-hat\DataCollected/IMG0\Image_1658500407792099.jpg,4
C:\Users\user\Documents\workspace\CNN_Raspberrypi-build-hat\DataCollected/IMG0\Image_1658500407826391.jpg,4
C:\Users\user\Documents\workspace\CNN_Raspberrypi-build-hat\DataCollected/IMG0\Image_1658500407855866.jpg,4
C:\Users\user\Documents\workspace\CNN_Raspberrypi-build-hat\DataCollected/IMG0\Image_1658500407888048.jpg,4
C:\Users\user\Documents\workspace\CNN_Raspberrypi-build-hat\DataCollected/IMG0\Image_1658500407919904.jpg,4
C:\Users\user\Documents\workspace\CNN_Raspberrypi-build-hat\DataCollected/IMG0\Image_1658500407953381.jpg,4
C:\Users\user\Documents\workspace\CNN_Raspberrypi-build-hat\DataCollected/IMG0\Image_1658500407985758.jpg,4
C:\Users\user\Documents\workspace\CNN_Raspberrypi-build-hat\DataCollected/IMG0\Image_1658500408018106.jpg,4
C:\Users\user\Documents\workspace\CNN_Raspberrypi-build-hat\DataCollected/IMG0\Image_1658500408048552.jpg,4
C:\Users\user\Documents\workspace\CNN_Raspberrypi-build-hat\DataCollected/IMG0\Image_1658500408095898.jpg,4
C:\Users\user\Documents\workspace\CNN_Raspberrypi-build-hat\DataCollected/IMG0\Image_1658500408128875.jpg,4
C:\Users\user\Documents\workspace\CNN_Raspberrypi-build-hat\DataCollected/IMG0\Image_165850040815964.jpg,4
C:\Users\user\Documents\workspace\CNN_Raspberrypi-build-hat\DataCollected/IMG0\Image_1658500408192697.jpg,4
C:\Users\user\Documents\workspace\CNN_Raspberrypi-build-hat\DataCollected/IMG0\Image_165850040822466.jpg,4
C:\Users\user\Documents\workspace\CNN_Raspberrypi-build-hat\DataCollected/IMG0\Image_1658500408258616.jpg,4
C:\Users\user\Documents\workspace\CNN_Raspberrypi-build-hat\DataCollected/IMG0\Image_1658500408288934.jpg,4
C:\Users\user\Documents\workspace\CNN_Raspberrypi-build-hat\DataCollected/IMG0\Image_1658500408320476.jpg,4
C:\Users\user\Documents\workspace\CNN_Raspberrypi-build-hat\DataCollected/IMG0\Image_1658500408353909.jpg,4
C:\Users\user\Documents\workspace\CNN_Raspberrypi-build-hat\DataCollected/IMG0\Image_1658500408385848.jpg,4
C:\Users\user\Documents\workspace\CNN_Raspberrypi-build-hat\DataCollected/IMG0\Image_1658500408417268.jpg,4
C:\Users\user\Documents\workspace\CNN_Raspberrypi-build-hat\DataCollected/IMG0\Image_1658500408447282.jpg,4
C:\Users\user\Documents\workspace\CNN_Raspberrypi-build-hat\DataCollected/IMG0\Image_1658500408498328.jpg,4
C:\Users\user\Documents\workspace\CNN_Raspberrypi-build-hat\DataCollected/IMG0\Image_1658500408528279.jpg,4
C:\Users\user\Documents\workspace\CNN_Raspberrypi-build-hat\DataCollected/IMG0\Image_1658500408559944.jpg,4
C:\Users\user\Documents\workspace\CNN_Raspberrypi-build-hat\DataCollected/IMG0\Image_1658500408590332.jpg,4
C:\Users\user\Documents\workspace\CNN_Raspberrypi-build-hat\DataCollected/IMG0\Image_165850040862463.jpg,4
C:\Users\user\Documents\workspace\CNN_Raspberrypi-build-hat\DataCollected/IMG0\Image_1658500408656692.jpg,4
C:\Users\user\Documents\workspace\CNN_Raspberrypi-build-hat\DataCollected/IMG0\Image_1658500408687841.jpg,4
C:\Users\user\Documents\workspace\CNN_Raspberrypi-build-hat\DataCollected/IMG0\Image_1658500408720422.jpg,4
C:\Users\user\Documents\workspace\CNN_Raspberrypi-build-hat\DataCollected/IMG0\Image_1658500408752907.jpg,4
C:\Users\user\Documents\workspace\CNN_Raspberrypi-build-hat\DataCollected/IMG0\Image_1658500408784086.jpg,4
C:\Users\user\Documents\workspace\CNN_Raspberrypi-build-hat\DataCollected/IMG0\Image_1658500408817679.jpg,4
C:\Users\user\Documents\workspace\CNN_Raspberrypi-build-hat\DataCollected/IMG0\Image_1658500408848446.jpg,4
C:\Users\user\Documents\workspace\CNN_Raspberrypi-build-hat\DataCollected/IMG0\Image_165850040889659.jpg,4
C:\Users\user\Documents\workspace\CNN_Raspberrypi-build-hat\DataCollected/IMG0\Image_1658500408928615.jpg,4
C:\Users\user\Documents\workspace\CNN_Raspberrypi-build-hat\DataCollected/IMG0\Image_1658500408958986.jpg,4
C:\Users\user\Documents\workspace\CNN_Raspberrypi-build-hat\DataCollected/IMG0\Image_1658500408991618.jpg,4
C:\Users\user\Documents\workspace\CNN_Raspberrypi-build-hat\DataCollected/IMG0\Image_1658500409024629.jpg,4
C:\Users\user\Documents\workspace\CNN_Raspberrypi-build-hat\DataCollected/IMG0\Image_1658500409056388.jpg,4
C:\Users\user\Documents\workspace\CNN_Raspberrypi-build-hat\DataCollected/IMG0\Image_165850040908684.jpg,4
C:\Users\user\Documents\workspace\CNN_Raspberrypi-build-hat\DataCollected/IMG0\Image_1658500409120962.jpg,4
C:\Users\user\Documents\workspace\CNN_Raspberrypi-build-hat\DataCollected/IMG0\Image_165850040915254.jpg,4
C:\Users\user\Documents\workspace\CNN_Raspberrypi-build-hat\DataCollected/IMG0\Image_1658500409201804.jpg,4
C:\Users\user\Documents\workspace\CNN_Raspberrypi-build-hat\DataCollected/IMG0\Image_1658500409214842.jpg,4
C:\Users\user\Documents\workspace\CNN_Raspberrypi-build-hat\DataCollected/IMG0\Image_165850040925059.jpg,4
C:\Users\user\Documents\workspace\CNN_Raspberrypi-build-hat\DataCollected/IMG0\Image_1658500409299297.jpg,4
C:\Users\user\Documents\workspace\CNN_Raspberrypi-build-hat\DataCollected/IMG0\Image_1658500409329755.jpg,4
C:\Users\user\Documents\workspace\CNN_Raspberrypi-build-hat\DataCollected/IMG0\Image_165850040935979.jpg,4
C:\Users\user\Documents\workspace\CNN_Raspberrypi-build-hat\DataCollected/IMG0\Image_1658500409392977.jpg,4
C:\Users\user\Documents\workspace\CNN_Raspberrypi-build-hat\DataCollected/IMG0\Image_1658500409424846.jpg,4
C:\Users\user\Documents\workspace\CNN_Raspberrypi-build-hat\DataCollected/IMG0\Image_165850040945548.jpg,4
C:\Users\user\Documents\workspace\CNN_Raspberrypi-build-hat\DataCollected/IMG0\Image_1658500409488093.jpg,4
C:\Users\user\Documents\workspace\CNN_Raspberrypi-build-hat\DataCollected/IMG0\Image_16585004095204.jpg,4
C:\Users\user\Documents\workspace\CNN_Raspberrypi-build-hat\DataCollected/IMG0\Image_1658500409552774.jpg,4
C:\Users\user\Documents\workspace\CNN_Raspberrypi-build-hat\DataCollected/IMG0\Image_1658500409583349.jpg,4
C:\Users\user\Documents\workspace\CNN_Raspberrypi-build-hat\DataCollected/IMG0\Image_1658500409615087.jpg,4
C:\Users\user\Documents\workspace\CNN_Raspberrypi-build-hat\DataCollected/IMG0\Image_1658500409647829.jpg,4
C:\Users\user\Documents\workspace\CNN_Raspberrypi-build-hat\DataCollected/IMG0\Image_1658500409696086.jpg,4
C:\Users\user\Documents\workspace\CNN_Raspberrypi-build-hat\DataCollected/IMG0\Image_1658500409727634.jpg,4
C:\Users\user\Documents\workspace\CNN_Raspberrypi-build-hat\DataCollected/IMG0\Image_165850040976019.jpg,4
C:\Users\user\Documents\workspace\CNN_Raspberrypi-build-hat\DataCollected/IMG0\Image_1658500409791831.jpg,4
C:\Users\user\Documents\workspace\CNN_Raspberrypi-build-hat\DataCollected/IMG0\Image_1658500409825774.jpg,4
C:\Users\user\Documents\workspace\CNN_Raspberrypi-build-hat\DataCollected/IMG0\Image_165850040985677.jpg,4
C:\Users\user\Documents\workspace\CNN_Raspberrypi-build-hat\DataCollected/IMG0\Image_1658500409888281.jpg,4
C:\Users\user\Documents\workspace\CNN_Raspberrypi-build-hat\DataCollected/IMG0\Image_1658500409921241.jpg,4
C:\Users\user\Documents\workspace\CNN_Raspberrypi-build-hat\DataCollected/IMG0\Image_1658500409953639.jpg,4
C:\Users\user\Documents\workspace\CNN_Raspberrypi-build-hat\DataCollected/IMG0\Image_1658500409984586.jpg,4
C:\Users\user\Documents\workspace\CNN_Raspberrypi-build-hat\DataCollected/IMG0\Image_1658500410018193.jpg,4
C:\Users\user\Documents\workspace\CNN_Raspberrypi-build-hat\DataCollected/IMG0\Image_1658500410049233.jpg,4
C:\Users\user\Documents\workspace\CNN_Raspberrypi-build-hat\DataCollected/IMG0\Image_1658500410097243.jpg,4
C:\Users\user\Documents\workspace\CNN_Raspberrypi-build-hat\DataCollected/IMG0\Image_165850041012772.jpg,4
C:\Users\user\Documents\workspace\CNN_Raspberrypi-build-hat\DataCollected/IMG0\Image_1658500410160184.jpg,4
C:\Users\user\Documents\workspace\CNN_Raspberrypi-build-hat\DataCollected/IMG0\Image_1658500410192269.jpg,4
C:\Users\user\Documents\workspace\CNN_Raspberrypi-build-hat\DataCollected/IMG0\Image_1658500410225496.jpg,4
C:\Users\user\Documents\workspace\CNN_Raspberrypi-build-hat\DataCollected/IMG0\Image_1658500410257609.jpg,4
C:\Users\user\Documents\workspace\CNN_Raspberrypi-build-hat\DataCollected/IMG0\Image_165850041028813.jpg,4
C:\Users\user\Documents\workspace\CNN_Raspberrypi-build-hat\DataCollected/IMG0\Image_1658500410321651.jpg,4
C:\Users\user\Documents\workspace\CNN_Raspberrypi-build-hat\DataCollected/IMG0\Image_1658500410353534.jpg,4
C:\Users\user\Documents\workspace\CNN_Raspberrypi-build-hat\DataCollected/IMG0\Image_1658500410385348.jpg,4
C:\Users\user\Documents\workspace\CNN_Raspberrypi-build-hat\DataCollected/IMG0\Image_1658500410415686.jpg,4
C:\Users\user\Documents\workspace\CNN_Raspberrypi-build-hat\DataCollected/IMG0\Image_1658500410447979.jpg,4
C:\Users\user\Documents\workspace\CNN_Raspberrypi-build-hat\DataCollected/IMG0\Image_1658500410496306.jpg,4
C:\Users\user\Documents\workspace\CNN_Raspberrypi-build-hat\DataCollected/IMG0\Image_1658500410528272.jpg,4
C:\Users\user\Documents\workspace\CNN_Raspberrypi-build-hat\DataCollected/IMG0\Image_1658500410560081.jpg,4
C:\Users\user\Documents\workspace\CNN_Raspberrypi-build-hat\DataCollected/IMG0\Image_1658500410592781.jpg,4
C:\Users\user\Documents\workspace\CNN_Raspberrypi-build-hat\DataCollected/IMG0\Image_1658500410626174.jpg,4
C:\Users\user\Documents\workspace\CNN_Raspberrypi-build-hat\DataCollected/IMG0\Image_165850041065646.jpg,4
C:\Users\user\Documents\workspace\CNN_Raspberrypi-build-hat\DataCollected/IMG0\Image_1658500410688148.jpg,4
C:\Users\user\Documents\workspace\CNN_Raspberrypi-build-hat\DataCollected/IMG0\Image_1658500410720038.jpg,4
C:\Users\user\Documents\workspace\CNN_Raspberrypi-build-hat\DataCollected/IMG0\Image_165850041075328.jpg,4
C:\Users\user\Documents\workspace\CNN_Raspberrypi-build-hat\DataCollected/IMG0\Image_165850041078381.jpg,4
C:\Users\user\Documents\workspace\CNN_Raspberrypi-build-hat\DataCollected/IMG0\Image_1658500410816033.jpg,4
C:\Users\user\Documents\workspace\CNN_Raspberrypi-build-hat\DataCollected/IMG0\Image_1658500410848621.jpg,4
C:\Users\user\Documents\workspace\CNN_Raspberrypi-build-hat\DataCollected/IMG0\Image_1658500410896172.jpg,4
C:\Users\user\Documents\workspace\CNN_Raspberrypi-build-hat\DataCollected/IMG0\Image_1658500410929039.jpg,4
C:\Users\user\Documents\workspace\CNN_Raspberrypi-build-hat\DataCollected/IMG0\Image_1658500410959276.jpg,4
C:\Users\user\Documents\workspace\CNN_Raspberrypi-build-hat\DataCollected/IMG0\Image_1658500410992474.jpg,4
C:\Users\user\Documents\workspace\CNN_Raspberrypi-build-hat\DataCollected/IMG0\Image_1658500411025638.jpg,4
C:\Users\user\Documents\workspace\CNN_Raspberrypi-build-hat\DataCollected/IMG0\Image_1658500411056025.jpg,4
C:\Users\user\Documents\workspace\CNN_Raspberrypi-build-hat\DataCollected/IMG0\Image_1658500411088343.jpg,4
C:\Users\user\Documents\workspace\CNN_Raspberrypi-build-hat\DataCollected/IMG0\Image_1658500411121095.jpg,4
C:\Users\user\Documents\workspace\CNN_Raspberrypi-build-hat\DataCollected/IMG0\Image_1658500411152065.jpg,2
C:\Users\user\Documents\workspace\CNN_Raspberrypi-build-hat\DataCollected/IMG0\Image_1658500411184067.jpg,2
C:\Users\user\Documents\workspace\CNN_Raspberrypi-build-hat\DataCollected/IMG0\Image_1658500411216659.jpg,2
C:\Users\user\Documents\workspace\CNN_Raspberrypi-build-hat\DataCollected/IMG0\Image_1658500411247334.jpg,2
C:\Users\user\Documents\workspace\CNN_Raspberrypi-build-hat\DataCollected/IMG0\Image_1658500411296607.jpg,2
C:\Users\user\Documents\workspace\CNN_Raspberrypi-build-hat\DataCollected/IMG0\Image_1658500411327686.jpg,2
C:\Users\user\Documents\workspace\CNN_Raspberrypi-build-hat\DataCollected/IMG0\Image_1658500411361396.jpg,2
C:\Users\user\Documents\workspace\CNN_Raspberrypi-build-hat\DataCollected/IMG0\Image_1658500411392428.jpg,2
C:\Users\user\Documents\workspace\CNN_Raspberrypi-build-hat\DataCollected/IMG0\Image_1658500411424873.jpg,2
C:\Users\user\Documents\workspace\CNN_Raspberrypi-build-hat\DataCollected/IMG0\Image_1658500411456561.jpg,2
C:\Users\user\Documents\workspace\CNN_Raspberrypi-build-hat\DataCollected/IMG0\Image_1658500411488137.jpg,2
C:\Users\user\Documents\workspace\CNN_Raspberrypi-build-hat\DataCollected/IMG0\Image_1658500411521187.jpg,2
C:\Users\user\Documents\workspace\CNN_Raspberrypi-build-hat\DataCollected/IMG0\Image_1658500411552188.jpg,2
C:\Users\user\Documents\workspace\CNN_Raspberrypi-build-hat\DataCollected/IMG0\Image_1658500411583211.jpg,2
C:\Users\user\Documents\workspace\CNN_Raspberrypi-build-hat\DataCollected/IMG0\Image_1658500411616185.jpg,2
C:\Users\user\Documents\workspace\CNN_Raspberrypi-build-hat\DataCollected/IMG0\Image_165850041165969.jpg,2
C:\Users\user\Documents\workspace\CNN_Raspberrypi-build-hat\DataCollected/IMG0\Image_165850041169468.jpg,2
C:\Users\user\Documents\workspace\CNN_Raspberrypi-build-hat\DataCollected/IMG0\Image_1658500411727669.jpg,2
C:\Users\user\Documents\workspace\CNN_Raspberrypi-build-hat\DataCollected/IMG0\Image_1658500411760579.jpg,2
C:\Users\user\Documents\workspace\CNN_Raspberrypi-build-hat\DataCollected/IMG0\Image_1658500411800867.jpg,2
C:\Users\user\Documents\workspace\CNN_Raspberrypi-build-hat\DataCollected/IMG0\Image_165850041182488.jpg,2
C:\Users\user\Documents\workspace\CNN_Raspberrypi-build-hat\DataCollected/IMG0\Image_1658500411855382.jpg,2
C:\Users\user\Documents\workspace\CNN_Raspberrypi-build-hat\DataCollected/IMG0\Image_1658500411887865.jpg,2
C:\Users\user\Documents\workspace\CNN_Raspberrypi-build-hat\DataCollected/IMG0\Image_1658500411921084.jpg,2
C:\Users\user\Documents\workspace\CNN_Raspberrypi-build-hat\DataCollected/IMG0\Image_1658500411953034.jpg,2
C:\Users\user\Documents\workspace\CNN_Raspberrypi-build-hat\DataCollected/IMG0\Image_1658500411985752.jpg,2
C:\Users\user\Documents\workspace\CNN_Raspberrypi-build-hat\DataCollected/IMG0\Image_1658500412015916.jpg,2
C:\Users\user\Documents\workspace\CNN_Raspberrypi-build-hat\DataCollected/IMG0\Image_1658500412047674.jpg,2
C:\Users\user\Documents\workspace\CNN_Raspberrypi-build-hat\DataCollected/IMG0\Image_165850041209563.jpg,2
C:\Users\user\Documents\workspace\CNN_Raspberrypi-build-hat\DataCollected/IMG0\Image_1658500412127456.jpg,2
C:\Users\user\Documents\workspace\CNN_Raspberrypi-build-hat\DataCollected/IMG0\Image_1658500412159459.jpg,2
C:\Users\user\Documents\workspace\CNN_Raspberrypi-build-hat\DataCollected/IMG0\Image_1658500412207097.jpg,2
C:\Users\user\Documents\workspace\CNN_Raspberrypi-build-hat\DataCollected/IMG0\Image_1658500412224283.jpg,2
C:\Users\user\Documents\workspace\CNN_Raspberrypi-build-hat\DataCollected/IMG0\Image_1658500412255391.jpg,2
C:\Users\user\Documents\workspace\CNN_Raspberrypi-build-hat\DataCollected/IMG0\Image_1658500412288694.jpg,2
C:\Users\user\Documents\workspace\CNN_Raspberrypi-build-hat\DataCollected/IMG0\Image_1658500412321364.jpg,2
C:\Users\user\Documents\workspace\CNN_Raspberrypi-build-hat\DataCollected/IMG0\Image_1658500412353299.jpg,2
C:\Users\user\Documents\workspace\CNN_Raspberrypi-build-hat\DataCollected/IMG0\Image_1658500412383715.jpg,2
C:\Users\user\Documents\workspace\CNN_Raspberrypi-build-hat\DataCollected/IMG0\Image_1658500412416548.jpg,2
C:\Users\user\Documents\workspace\CNN_Raspberrypi-build-hat\DataCollected/IMG0\Image_1658500412448871.jpg,2
C:\Users\user\Documents\workspace\CNN_Raspberrypi-build-hat\DataCollected/IMG0\Image_1658500412496296.jpg,2
C:\Users\user\Documents\workspace\CNN_Raspberrypi-build-hat\DataCollected/IMG0\Image_1658500412528457.jpg,2
C:\Users\user\Documents\workspace\CNN_Raspberrypi-build-hat\DataCollected/IMG0\Image_1658500412560847.jpg,2
C:\Users\user\Documents\workspace\CNN_Raspberrypi-build-hat\DataCollected/IMG0\Image_1658500412592875.jpg,2
C:\Users\user\Documents\workspace\CNN_Raspberrypi-build-hat\DataCollected/IMG0\Image_1658500412625001.jpg,2
C:\Users\user\Documents\workspace\CNN_Raspberrypi-build-hat\DataCollected/IMG0\Image_1658500412655968.jpg,2
C:\Users\user\Documents\workspace\CNN_Raspberrypi-build-hat\DataCollected/IMG0\Image_1658500412687807.jpg,2
C:\Users\user\Documents\workspace\CNN_Raspberrypi-build-hat\DataCollected/IMG0\Image_1658500412721706.jpg,2
C:\Users\user\Documents\workspace\CNN_Raspberrypi-build-hat\DataCollected/IMG0\Image_1658500412753941.jpg,2
C:\Users\user\Documents\workspace\CNN_Raspberrypi-build-hat\DataCollected/IMG0\Image_1658500412784602.jpg,2
C:\Users\user\Documents\workspace\CNN_Raspberrypi-build-hat\DataCollected/IMG0\Image_1658500412817601.jpg,2
C:\Users\user\Documents\workspace\CNN_Raspberrypi-build-hat\DataCollected/IMG0\Image_165850041285823.jpg,2
C:\Users\user\Documents\workspace\CNN_Raspberrypi-build-hat\DataCollected/IMG0\Image_1658500412895954.jpg,2
C:\Users\user\Documents\workspace\CNN_Raspberrypi-build-hat\DataCollected/IMG0\Image_1658500412927884.jpg,2
C:\Users\user\Documents\workspace\CNN_Raspberrypi-build-hat\DataCollected/IMG0\Image_1658500412958107.jpg,2
C:\Users\user\Documents\workspace\CNN_Raspberrypi-build-hat\DataCollected/IMG0\Image_1658500412993827.jpg,2
C:\Users\user\Documents\workspace\CNN_Raspberrypi-build-hat\DataCollected/IMG0\Image_1658500413025417.jpg,2
C:\Users\user\Documents\workspace\CNN_Raspberrypi-build-hat\DataCollected/IMG0\Image_1658500413055662.jpg,2
C:\Users\user\Documents\workspace\CNN_Raspberrypi-build-hat\DataCollected/IMG0\Image_1658500413093778.jpg,2
C:\Users\user\Documents\workspace\CNN_Raspberrypi-build-hat\DataCollected/IMG0\Image_1658500413124817.jpg,2
C:\Users\user\Documents\workspace\CNN_Raspberrypi-build-hat\DataCollected/IMG0\Image_1658500413151367.jpg,2
C:\Users\user\Documents\workspace\CNN_Raspberrypi-build-hat\DataCollected/IMG0\Image_1658500413184266.jpg,2
C:\Users\user\Documents\workspace\CNN_Raspberrypi-build-hat\DataCollected/IMG0\Image_1658500413216736.jpg,2
C:\Users\user\Documents\workspace\CNN_Raspberrypi-build-hat\DataCollected/IMG0\Image_1658500413247216.jpg,2
C:\Users\user\Documents\workspace\CNN_Raspberrypi-build-hat\DataCollected/IMG0\Image_1658500413295851.jpg,2
C:\Users\user\Documents\workspace\CNN_Raspberrypi-build-hat\DataCollected/IMG0\Image_1658500413327028.jpg,2
C:\Users\user\Documents\workspace\CNN_Raspberrypi-build-hat\DataCollected/IMG0\Image_1658500413361632.jpg,2
C:\Users\user\Documents\workspace\CNN_Raspberrypi-build-hat\DataCollected/IMG0\Image_1658500413394163.jpg,2
C:\Users\user\Documents\workspace\CNN_Raspberrypi-build-hat\DataCollected/IMG0\Image_1658500413425165.jpg,2
C:\Users\user\Documents\workspace\CNN_Raspberrypi-build-hat\DataCollected/IMG0\Image_1658500413455708.jpg,2
C:\Users\user\Documents\workspace\CNN_Raspberrypi-build-hat\DataCollected/IMG0\Image_1658500413488603.jpg,2
C:\Users\user\Documents\workspace\CNN_Raspberrypi-build-hat\DataCollected/IMG0\Image_1658500413520911.jpg,2
C:\Users\user\Documents\workspace\CNN_Raspberrypi-build-hat\DataCollected/IMG0\Image_1658500413552423.jpg,2
C:\Users\user\Documents\workspace\CNN_Raspberrypi-build-hat\DataCollected/IMG0\Image_1658500413583503.jpg,2
C:\Users\user\Documents\workspace\CNN_Raspberrypi-build-hat\DataCollected/IMG0\Image_165850041361704.jpg,2
C:\Users\user\Documents\workspace\CNN_Raspberrypi-build-hat\DataCollected/IMG0\Image_1658500413648634.jpg,2
C:\Users\user\Documents\workspace\CNN_Raspberrypi-build-hat\DataCollected/IMG0\Image_1658500413695917.jpg,2
C:\Users\user\Documents\workspace\CNN_Raspberrypi-build-hat\DataCollected/IMG0\Image_1658500413727774.jpg,2
C:\Users\user\Documents\workspace\CNN_Raspberrypi-build-hat\DataCollected/IMG0\Image_1658500413760324.jpg,2
C:\Users\user\Documents\workspace\CNN_Raspberrypi-build-hat\DataCollected/IMG0\Image_1658500413792588.jpg,2
C:\Users\user\Documents\workspace\CNN_Raspberrypi-build-hat\DataCollected/IMG0\Image_165850041382394.jpg,2
C:\Users\user\Documents\workspace\CNN_Raspberrypi-build-hat\DataCollected/IMG0\Image_1658500413856487.jpg,2
C:\Users\user\Documents\workspace\CNN_Raspberrypi-build-hat\DataCollected/IMG0\Image_1658500413889261.jpg,2
C:\Users\user\Documents\workspace\CNN_Raspberrypi-build-hat\DataCollected/IMG0\Image_1658500413921222.jpg,2
C:\Users\user\Documents\workspace\CNN_Raspberrypi-build-hat\DataCollected/IMG0\Image_1658500413953102.jpg,2
C:\Users\user\Documents\workspace\CNN_Raspberrypi-build-hat\DataCollected/IMG0\Image_1658500413986328.jpg,2
C:\Users\user\Documents\workspace\CNN_Raspberrypi-build-hat\DataCollected/IMG0\Image_1658500414016092.jpg,2
C:\Users\user\Documents\workspace\CNN_Raspberrypi-build-hat\DataCollected/IMG0\Image_165850041404712.jpg,2
C:\Users\user\Documents\workspace\CNN_Raspberrypi-build-hat\DataCollected/IMG0\Image_1658500414095977.jpg,2
C:\Users\user\Documents\workspace\CNN_Raspberrypi-build-hat\DataCollected/IMG0\Image_1658500414129292.jpg,2
C:\Users\user\Documents\workspace\CNN_Raspberrypi-build-hat\DataCollected/IMG0\Image_1658500414162014.jpg,2
C:\Users\user\Documents\workspace\CNN_Raspberrypi-build-hat\DataCollected/IMG0\Image_1658500414191401.jpg,2
C:\Users\user\Documents\workspace\CNN_Raspberrypi-build-hat\DataCollected/IMG0\Image_1658500414224456.jpg,2
C:\Users\user\Documents\workspace\CNN_Raspberrypi-build-hat\DataCollected/IMG0\Image_1658500414256058.jpg,2
C:\Users\user\Documents\workspace\CNN_Raspberrypi-build-hat\DataCollected/IMG0\Image_1658500414288191.jpg,2
C:\Users\user\Documents\workspace\CNN_Raspberrypi-build-hat\DataCollected/IMG0\Image_1658500414320378.jpg,2
C:\Users\user\Documents\workspace\CNN_Raspberrypi-build-hat\DataCollected/IMG0\Image_165850041435138.jpg,2
C:\Users\user\Documents\workspace\CNN_Raspberrypi-build-hat\DataCollected/IMG0\Image_1658500414384378.jpg,2
C:\Users\user\Documents\workspace\CNN_Raspberrypi-build-hat\DataCollected/IMG0\Image_165850041442638.jpg,2
C:\Users\user\Documents\workspace\CNN_Raspberrypi-build-hat\DataCollected/IMG0\Image_1658500414447375.jpg,2
C:\Users\user\Documents\workspace\CNN_Raspberrypi-build-hat\DataCollected/IMG0\Image_1658500414495387.jpg,2
C:\Users\user\Documents\workspace\CNN_Raspberrypi-build-hat\DataCollected/IMG0\Image_1658500414535393.jpg,2
C:\Users\user\Documents\workspace\CNN_Raspberrypi-build-hat\DataCollected/IMG0\Image_1658500414561388.jpg,2
C:\Users\user\Documents\workspace\CNN_Raspberrypi-build-hat\DataCollected/IMG0\Image_16585004145994.jpg,2
C:\Users\user\Documents\workspace\CNN_Raspberrypi-build-hat\DataCollected/IMG0\Image_1658500414623376.jpg,2
C:\Users\user\Documents\workspace\CNN_Raspberrypi-build-hat\DataCollected/IMG0\Image_1658500414655375.jpg,2
C:\Users\user\Documents\workspace\CNN_Raspberrypi-build-hat\DataCollected/IMG0\Image_1658500414688683.jpg,2
C:\Users\user\Documents\workspace\CNN_Raspberrypi-build-hat\DataCollected/IMG0\Image_1658500414721176.jpg,2
C:\Users\user\Documents\workspace\CNN_Raspberrypi-build-hat\DataCollected/IMG0\Image_1658500414751346.jpg,2
C:\Users\user\Documents\workspace\CNN_Raspberrypi-build-hat\DataCollected/IMG0\Image_1658500414784188.jpg,2
C:\Users\user\Documents\workspace\CNN_Raspberrypi-build-hat\DataCollected/IMG0\Image_1658500414815954.jpg,2
C:\Users\user\Documents\workspace\CNN_Raspberrypi-build-hat\DataCollected/IMG0\Image_1658500414848363.jpg,2
C:\Users\user\Documents\workspace\CNN_Raspberrypi-build-hat\DataCollected/IMG0\Image_1658500414895947.jpg,2
C:\Users\user\Documents\workspace\CNN_Raspberrypi-build-hat\DataCollected/IMG0\Image_1658500414927387.jpg,2
C:\Users\user\Documents\workspace\CNN_Raspberrypi-build-hat\DataCollected/IMG0\Image_1658500414961979.jpg,2
C:\Users\user\Documents\workspace\CNN_Raspberrypi-build-hat\DataCollected/IMG0\Image_1658500414991409.jpg,2
C:\Users\user\Documents\workspace\CNN_Raspberrypi-build-hat\DataCollected/IMG0\Image_1658500415023935.jpg,2
C:\Users\user\Documents\workspace\CNN_Raspberrypi-build-hat\DataCollected/IMG0\Image_1658500415055937.jpg,2
C:\Users\user\Documents\workspace\CNN_Raspberrypi-build-hat\DataCollected/IMG0\Image_1658500415089432.jpg,2
C:\Users\user\Documents\workspace\CNN_Raspberrypi-build-hat\DataCollected/IMG0\Image_165850041512177.jpg,2
C:\Users\user\Documents\workspace\CNN_Raspberrypi-build-hat\DataCollected/IMG0\Image_1658500415152052.jpg,2
C:\Users\user\Documents\workspace\CNN_Raspberrypi-build-hat\DataCollected/IMG0\Image_1658500415183285.jpg,2
C:\Users\user\Documents\workspace\CNN_Raspberrypi-build-hat\DataCollected/IMG0\Image_1658500415224254.jpg,2
C:\Users\user\Documents\workspace\CNN_Raspberrypi-build-hat\DataCollected/IMG0\Image_1658500415248302.jpg,2
